id,channel_name,channel_description,followers,is_official_channel
32283,nashazhizn,,132,False
25888751,–ê–¥–º–∏–Ω–∏—Å—Ç—Ä–∞—Ü–∏—è –≥–æ—Ä–æ–¥—Å–∫–æ–≥–æ –æ–∫—Ä—É–≥–∞ –≥–æ—Ä–æ–¥ –ù–µ—Ñ—Ç–µ–∫–∞–º—Å–∫,–û—Ñ–∏—Ü–∏–∞–ª—å–Ω—ã–π –∫–∞–Ω–∞–ª –∞–¥–º–∏–Ω–∏—Å—Ç—Ä–∞—Ü–∏–∏ –≥–æ—Ä–æ–¥—Å–∫–æ–≥–æ –æ–∫—Ä—É–≥–∞ –≥–æ—Ä–æ–¥ –ù–µ—Ñ—Ç–µ–∫–∞–º—Å–∫ –†–µ—Å–ø—É–±–ª–∏–∫–∏ –ë–∞—à–∫–æ—Ä—Ç–æ—Å—Ç–∞–Ω,20,False
25016118,–¢–ö–†,,503,True
25369280,–£–ú–í–î –†–æ—Å—Å–∏–∏ –ø–æ –ö–∞–ª—É–∂—Å–∫–æ–π –æ–±–ª–∞—Å—Ç–∏,–û—Ñ–∏—Ü–∏–∞–ª—å–Ω—ã–π –∫–∞–Ω–∞–ª –£–ø—Ä–∞–≤–ª–µ–Ω–∏—è –£–ú–í–î –†–æ—Å—Å–∏–∏ –ø–æ –ö–∞–ª—É–∂—Å–∫–æ–π –æ–±–ª–∞—Å—Ç–∏.,50,False
9873455,–ü–µ—Ä–≤—ã–π –°–µ–≤–∞—Å—Ç–æ–ø–æ–ª—å—Å–∫–∏–π,"3 –∏—é–Ω—è 2009 –≥–æ–¥–∞ –º–æ–∂–Ω–æ —Å—á–∏—Ç–∞—Ç—å –æ—Ñ–∏—Ü–∏–∞–ª—å–Ω–æ–π –¥–∞—Ç–æ–π –æ—Å–Ω–æ–≤–∞–Ω–∏—è –∫–∞–Ω–∞–ª–∞: –∏–º–µ–Ω–Ω–æ –≤ —ç—Ç–æ—Ç –¥–µ–Ω—å –º—ã –ø–æ–ª—É—á–∏–ª–∏ –ª–∏—Ü–µ–Ω–∑–∏—é –Ω–∞ –ø—Ä–∞–≤–æ –≤–µ—â–∞–Ω–∏—è. –° —Ç–µ—Ö –ø–æ—Ä –º—ã –Ω–∞—á–∞–ª–∏ –≤–µ—Å—å–º–∞ —Å—Ç—Ä–µ–º–∏—Ç–µ–ª—å–Ω—ã–π —Ä–æ—Å—Ç –≤ –º–µ–¥–∏–∞-–ø—Ä–æ—Å—Ç—Ä–∞–Ω—Å—Ç–≤–µ –°–µ–≤–∞—Å—Ç–æ–ø–æ–ª—è. –°–µ–≥–æ–¥–Ω—è –º—ã –±–µ–∑ –ª–∏—à–Ω–µ–π —Å–∫—Ä–æ–º–Ω–æ—Å—Ç–∏ –∑–∞—è–≤–ª—è–µ–º: –º—ã –≤—ã—Ä–≤–∞–ª–∏—Å—å –≤ –ª–∏–¥–µ—Ä—ã —Å—Ä–µ–¥–∏ –°–ú–ò –≥–æ—Ä–æ–¥–∞.
–ú—ã –≤—Å–µ–≥–¥–∞ –≥–æ—Ç–æ–≤—ã –∫ –æ—Ç–∫—Ä—ã—Ç–æ–º—É –¥–∏–∞–ª–æ–≥—É —Å –≤–ª–∞—Å—Ç—å—é –≥–æ—Ä–æ–¥–∞, –ö—Ä—ã–º–∞, –†–æ—Å—Å–∏–∏. –ú—ã –º–æ–∂–µ–º –ø–æ–º–æ—á—å –ø—Ä–æ—Å—Ç—ã–º –≥–æ—Ä–æ–∂–∞–Ω–∞–º. –ú—ã –∏–¥—ë–º –≤ –Ω–æ–≥—É —Å–æ –≤—Ä–µ–º–µ–Ω–µ–º –∏ –≤—Å–µ–≥–¥–∞ –ø–æ–º–Ω–∏–º –æ –ø—Ä–æ–±–ª–µ–º–∞—Ö –º–æ–ª–æ–¥—ë–∂–∏. –î–ª—è –Ω–∞—Å –≤–∞–∂–µ–Ω –∫–∞–∂–¥—ã–π –∏–∑ –í–∞—Å. –ú—ã —Ä–∞–±–æ—Ç–∞–µ–º –Ω–∞ –±–ª–∞–≥–æ –≥–æ—Ä–æ–¥–∞ –∏ –µ–≥–æ —Å–ª–∞–≤–Ω—ã—Ö –∂–∏—Ç–µ–ª–µ–π. –ú—ã –Ω–µ –æ–≥—Ä–∞–Ω–∏—á–∏–≤–∞–µ–º —Å–µ–±—è –≤ –æ–±—Å—É–∂–¥–µ–Ω–∏—è—Ö –æ—Å—Ç—Ä—ã—Ö –≤–æ–ø—Ä–æ—Å–æ–≤. –ú—ã –Ω–µ —Å—Ç–∞–≤–∏–º —Ä–∞–º–æ–∫ –∏ –≥—Ä–∞–Ω–∏—Ü. –ú—ã –≥–æ—Ç–æ–≤—ã –±–æ—Ä–æ—Ç—å—Å—è –¥–æ —Ä–µ—à–µ–Ω–∏—è –ø—Ä–æ–±–ª–µ–º—ã. –ë—É–¥—å—Ç–µ —Å –Ω–∞–º–∏!

–ù–∞—à –∞–¥—Ä–µ—Å: —É–ª. –í–∞–∫—É–ª–µ–Ω—á—É–∫–∞ 33-–∞/3
(–≤ —Ñ–æ—Ç–æ –∞–ª—å–±–æ–º–∞—Ö –µ—Å—Ç—å –∫–∞—Ä—Ç–∞ —Å –ø–æ–¥—Ä–æ–±–Ω—ã–º –æ–ø–∏—Å–∞–Ω–∏–µ–º –Ω–∞—à–µ–≥–æ –º–µ—Å—Ç–æ–Ω–∞—Ö–æ–∂–¥–µ–Ω–∏—è)

–¢–µ–ª–µ—Ñ–æ–Ω—ã —Ä–µ–¥–∞–∫—Ü–∏–∏:
532055
+7 (978)222-03-02

–ü–æ –≤–æ–ø—Ä–æ—Å–∞–º —Ä–µ–∫–ª–∞–º—ã: +7(978) 089-01-03

e-mail: info@sev.tv
Instagram @one_sev_TV",2713,True
25510053,–ú–í–î –ø–æ –£–¥–º—É—Ä—Ç—Å–∫–æ–π –†–µ—Å–ø—É–±–ª–∏–∫–µ,–û—Ñ–∏—Ü–∏–∞–ª—å–Ω—ã–π –∫–∞–Ω–∞–ª –ú–í–î –ø–æ –£–¥–º—É—Ä—Ç—Å–∫–æ–π –†–µ—Å–ø—É–±–ª–∏–∫–µ,10,True
25519706,–†—É–∑—Å–∫–∏–π –≥–æ—Ä–æ–¥—Å–∫–æ–π –æ–∫—Ä—É–≥,,26,False
25387857,–ê–¥–º–∏–Ω–∏—Å—Ç—Ä–∞—Ü–∏—è –≥–æ—Ä–æ–¥–∞ –ú—É—Ä–º–∞–Ω—Å–∫–∞,,7,False
24135403,–ó–æ–Ω–∞ –ß–°,"–ó–æ–Ω–∞ —á—Ä–µ–∑–≤—ã—á–∞–π–Ω–æ–π —Å–∏—Ç—É–∞—Ü–∏–∏. 
‚ö° –°–∞–º—ã–µ –≤–æ—Å—Ç—Ä–µ–±–æ–≤–∞–Ω–Ω—ã–µ –∞–≤—Ç–æ—Ä—Å–∫–∏–µ –∏–Ω—Ñ–æ—Ä–º–∞—Ü–∏–æ–Ω–Ω—ã–µ —Ä–µ—Å—É—Ä—Å—ã: https://keeperlink.ru/
?? –ß—Ç–æ–±—ã –ø–æ–ª—É—á–∞—Ç—å —Å–∞–º–æ–µ –∏–Ω—Ç–µ—Ä–µ—Å–Ω–æ–µ –ø–µ—Ä–≤—ã–º - –∂–º–∏—Ç–µ: ‚úîÔ∏è https://clck.ru/36ma2F",307,False
25589190,–ë–µ–ª–æ–≥–æ—Ä—Å–∫–∏–π –ø—Å–∏—Ö–æ–Ω–µ–≤—Ä–æ–ª–æ–≥–∏—á–µ—Å–∫–∏–π –∏–Ω—Ç–µ—Ä–Ω–∞—Ç,–ë–µ–ª–æ–≥–æ—Ä—Å–∫–∏–π –ø—Å–∏—Ö–æ–Ω–µ–≤—Ä–æ–ª–æ–≥–∏—á–µ—Å–∫–∏–π –∏–Ω—Ç–µ—Ä–Ω–∞—Ç,0,False
25063442,–ò–ª–∏–º—Å–∫–æ–µ –†–µ–≥–∏–æ–Ω–∞–ª—å–Ω–æ–µ –¢–µ–ª–µ–≤–∏–¥–µ–Ω–∏–µ,"–û—Ñ–∏—Ü–∏–∞–ª—å–Ω—ã–π –∫–∞–Ω–∞–ª –ò–ª–∏–º—Å–∫–æ–≥–æ –†–µ–≥–∏–æ–Ω–∞–ª—å–Ω–æ–≥–æ —Ç–µ–ª–µ–≤–∏–¥–µ–Ω–∏—è.
–°–∞–π—Ç –∫–æ–º–ø–∞–Ω–∏–∏: http://www.irttv.ru

–ú—ã –≤ —Å–æ—Ü–∏–∞–ª—å–Ω—ã—Ö —Å–µ—Ç—è—Ö:
Telegram: https://t.me/news_ui
VK: https://vk.com/ilimskoetv
–û–¥–Ω–æ–∫–ª–∞—Å—Å–Ω–∏–∫–∏: https://ok.ru/ilimskoetv",6,False
25506090,–ü–æ–ª–∏—Ü–∏—è –°–µ–≤–∞—Å—Ç–æ–ø–æ–ª—è,,34,True
24793430,–ì–∞–∑–ø—Ä–æ–º –¥–æ–±—ã—á–∞ –£—Ä–µ–Ω–≥–æ–π,https://urengoy-dobycha.gazprom.ru/,146,False
25107363,"–£–§–° –†–æ—Å—Å–µ–ª—å—Ö–æ–∑–Ω–∞–¥–∑–æ—Ä–∞ , –û—Ä—ë–ª, –ö—É—Ä—Å–∫",–û—Ñ–∏—Ü–∏–∞–ª—å–Ω—ã–π –∫–∞–Ω–∞–ª –≤–∏–¥–µ–æ–∫–æ–Ω—Ç–µ–Ω—Ç–∞ –£–ø—Ä–∞–≤–ª–µ–Ω–∏—è –†–æ—Å—Å–µ–ª—å—Ö–æ–∑–Ω–∞–¥–∑–æ—Ä–∞ –ø–æ –û—Ä–ª–æ–≤—Å–∫–æ–π –∏ –ö—É—Ä—Å–∫–æ–π –æ–±–ª–∞—Å—Ç—è–º. —Ç–µ–ª.: 8 (4862)76-10-46 —Å–∞–π—Ç: http://tunadzor.ru/,2,False
24120337,"–ì–¢–†–ö ""–°–ú–û–õ–ï–ù–°–ö""","–ê–¥—Ä–µ—Å: 214000, –≥. –°–º–æ–ª–µ–Ω—Å–∫, —É–ª. –î–∑–µ—Ä–∂–∏–Ω—Å–∫–æ–≥–æ, –¥.17.

–î–∏—Ä–µ–∫—Ç–æ—Ä ‚Äì –õ–∞—Ä–∏–æ–Ω–æ–≤ –°–µ—Ä–≥–µ–π –í–ª–∞–¥–∏–º–∏—Ä–æ–≤–∏—á.

–¢–µ–ª.: 8 (4812) 68-48-01, 64-30-16.

–ì–¢–†–ö ¬´–°–º–æ–ª–µ–Ω—Å–∫¬ª –≤—Ö–æ–¥–∏—Ç –≤ —Å–æ—Å—Ç–∞–≤ –∫—Ä—É–ø–Ω–µ–π—à–µ–≥–æ –º–µ–¥–∏–∞-—Ö–æ–ª–¥–∏–Ω–≥–∞ —Å—Ç—Ä–∞–Ω—ã ‚Äì –í–ì–¢–†–ö, –∫–æ—Ç–æ—Ä—ã–π –æ–±—ä–µ–¥–∏–Ω—è–µ—Ç —Ç–µ–ª–µ–∫–∞–Ω–∞–ª—ã ¬´–†–æ—Å—Å–∏—è 1¬ª, ¬´–†–æ—Å—Å–∏—è 24¬ª, ¬´–†–æ—Å—Å–∏—è –ö—É–ª—å—Ç—É—Ä–∞¬ª –∏ —Ä–∞–¥–∏–æ–∫–∞–Ω–∞–ª ¬´–†–∞–¥–∏–æ –†–æ—Å—Å–∏–∏¬ª.

–ì–¢–†–ö ¬´–°–º–æ–ª–µ–Ω—Å–∫¬ª ‚Äì –∫—Ä—É–ø–Ω–µ–π—à–µ–µ –º–µ–¥–∏–∞-–ø—Ä–µ–¥–ø—Ä–∏—è—Ç–∏–µ –≤ –°–º–æ–ª–µ–Ω—Å–∫–æ–π –æ–±–ª–∞—Å—Ç–∏. –ö–æ–º–ø–∞–Ω–∏—è –ø—Ä–æ–∏–∑–≤–æ–¥–∏—Ç —Ä–µ–≥–∏–æ–Ω–∞–ª—å–Ω—ã–µ –Ω–æ–≤–æ—Å—Ç–∏, —Å–ø–µ—Ü–∏–∞–ª—å–Ω—ã–µ —Ä–µ–ø–æ—Ä—Ç–∞–∂–∏, —Ç–µ–º–∞—Ç–∏—á–µ—Å–∫–∏–µ –∏ –∞–≤—Ç–æ—Ä—Å–∫–∏–µ –ø—Ä–æ–≥—Ä–∞–º–º—ã –Ω–∞ –∫–∞–Ω–∞–ª–∞—Ö:

- ¬´–†–æ—Å—Å–∏—è 1¬ª (–≤–µ—â–∞–Ω–∏–µ –æ—Ö–≤–∞—Ç—ã–≤–∞–µ—Ç 97% —Ç–µ—Ä—Ä–∏—Ç–æ—Ä–∏–∏ –°–º–æ–ª–µ–Ω—Å–∫–æ–π –æ–±–ª–∞—Å—Ç–∏);

- ¬´–†–∞–¥–∏–æ –†–æ—Å—Å–∏–∏¬ª, —á–∞—Å—Ç–æ—Ç–∞ 68, 54 –ú–ì—Ü (–≤–µ—â–∞–Ω–∏–µ –æ—Ö–≤–∞—Ç—ã–≤–∞–µ—Ç 80% —Ç–µ—Ä—Ä–∏—Ç–æ—Ä–∏–∏ –°–º–æ–ª–µ–Ω—Å–∫–æ–π –æ–±–ª–∞—Å—Ç–∏);

- ¬´–†–æ—Å—Å–∏–π—Å–∫–∏–π –∏–Ω—Ñ–æ—Ä–º–∞—Ü–∏–æ–Ω–Ω—ã–π –∫–∞–Ω–∞–ª ¬´–†–æ—Å—Å–∏—è 24¬ª.

¬´–í–µ—Å—Ç–∏-–°–º–æ–ª–µ–Ω—Å–∫¬ª ‚Äì —ç—Ç–æ —Ä–µ–≥–∏–æ–Ω–∞–ª—å–Ω—ã–µ –Ω–æ–≤–æ—Å—Ç–∏ –Ω–∞ —Ç–µ–ª–µ–∫–∞–Ω–∞–ª–µ ¬´–†–æ—Å—Å–∏—è 1¬ª. –ü—Ä–æ–≥—Ä–∞–º–º–∞ —è–≤–ª—è–µ—Ç—Å—è –ª–∏–¥–µ—Ä–æ–º –∏–Ω—Ñ–æ—Ä–º–∞—Ü–∏–æ–Ω–Ω–æ–≥–æ –≤–µ—â–∞–Ω–∏—è –≤ —Ä–µ–≥–∏–æ–Ω–µ. –í—ã—Ö–æ–¥–∏—Ç –≤ –ø—Ä—è–º–æ–π —ç—Ñ–∏—Ä –≤–æ—Å–µ–º—å —Ä–∞–∑ –≤ —Å—É—Ç–∫–∏ –≤ –∏–Ω—Ç–µ—Ä–≤–∞–ª–∞—Ö: 5.07-5.10,6.07-6.10.7.07 ‚Äì 7.10, 8.07 ‚Äì 8.10,5.35-5.40,6.35-6.40, 7.35 - 7.41, 8.35 - 8.41,11.25-11.40, 14.25",457,True
25384647,–£–ø—Ä–∞–≤–ª–µ–Ω–∏–µ –ú–í–î –†–æ—Å—Å–∏–∏ –ø–æ –¢–æ–º—Å–∫–æ–π –æ–±–ª–∞—Å—Ç–∏,–û—Ñ–∏—Ü–∏–∞–ª—å–Ω—ã–π –∫–∞–Ω–∞–ª –£–ø—Ä–∞–≤–ª–µ–Ω–∏—è –ú–í–î –†–æ—Å—Å–∏–∏ –ø–æ –¢–æ–º—Å–∫–æ–π –æ–±–ª–∞—Å—Ç–∏,14,False
24202558,–¢–í –ü–æ–∏—Å–∫ –ö–ª–∏–Ω,"–ù–æ–≤–æ—Å—Ç–∏ –≥–æ—Ä–æ–¥—Å–∫–æ–≥–æ –æ–∫—Ä—É–≥–∞ –ö–ª–∏–Ω. 
–ú—É–Ω–∏—Ü–∏–ø–∞–ª—å–Ω–∞—è —Ç–µ–ª–µ–∫–æ–º–ø–∞–Ω–∏—è. –í–µ—â–∞–Ω–∏–µ –Ω–∞ —Ü–∏—Ñ—Ä–æ–≤–æ–º –∫–∞–Ω–∞–ª–µ ""–¢–í ""–ü–û–ò–°–ö"". –ï–∂–µ–¥–Ω–µ–≤–Ω—ã–µ –Ω–æ–≤–æ—Å—Ç–∏ —Å –ø–æ–Ω–µ–¥–µ–ª—å–Ω–∏–∫–∞ –ø–æ —Å—Ä–µ–¥—É –∏ –≤ –ø—è—Ç–Ω–∏—Ü—É. –í —á–µ—Ç–≤–µ—Ä–≥ —Ä–∞–∑–≤–µ—Ä–Ω—É—Ç—ã–π –ø—Ä—è–º–æ–π —ç—Ñ–∏—Ä —Å –≥–æ—Å—Ç—è–º–∏ –≤ —Å—Ç—É–¥–∏–∏.

–ù–∞—à —Å–∞–π—Ç: poisktv.ru",1744,False
25015562,–ê–¥–º–∏–Ω–∏—Å—Ç—Ä–∞—Ü–∏—è –≥. –ú–∏—á—É—Ä–∏–Ω—Å–∫–∞,,1,False
6007239,–ó–õ–ê–¢-–¢–í,"–û–±—â–µ—Å—Ç–≤–æ —Å –æ–≥—Ä–∞–Ω–∏—á–µ–Ω–Ω–æ–π –æ—Ç–≤–µ—Ç—Å—Ç–≤–µ–Ω–Ω–æ—Å—Ç—å—é ""–ó–ª–∞—Ç–æ—É—Å—Ç–æ–≤—Å–∫–æ–µ —Ç–µ–ª–µ–≤–∏–¥–µ–Ω–∏–µ¬ª, –æ—Å—É—â–µ—Å—Ç–≤–ª—è—é—â–µ–µ —Ç–µ–ª–µ- –∏ —Ä–∞–¥–∏–æ–≤–µ—â–∞–Ω–∏–µ, —Å—É—â–µ—Å—Ç–≤—É–µ—Ç —Å 1990-–æ–≥–æ –≥–æ–¥–∞.  –Ø–≤–ª—è–µ—Ç—Å—è –æ—Ñ–∏—Ü–∏–∞–ª—å–Ω—ã–º –ø–∞—Ä—Ç–Ω–µ—Ä–æ–º –æ–±—â–µ—Ä–æ—Å—Å–∏–π—Å–∫–æ–≥–æ –∫–∞–Ω–∞–ª–∞ 360¬∞",80,True
12488,"–ì–¢–†–ö ""–°—Ç–∞–≤—Ä–æ–ø–æ–ª—å–µ"" –í–ï–°–¢–ò –°—Ç–∞–≤—Ä–æ–ø–æ–ª—å—Å–∫–∏–π –∫—Ä–∞–π","–ü–ï–†–í–´–ï –ì–õ–ê–í–ù–´–ï –ù–û–í–û–°–¢–ò –°—Ç–∞–≤—Ä–æ–ø–æ–ª—å—è 
–°–º–æ—Ç—Ä–∏—Ç–µ –≤–∏–¥–µ–æ –Ω–æ–≤–æ—Å—Ç–∏ –Ω–∞ —Å–∞–π—Ç–µ https://stavropolye.tv –∫–∞–∂–¥—ã–π –¥–µ–Ω—å

–¢–µ–ª–µ–∫–∞–Ω–∞–ª ¬´–†–æ—Å—Å–∏—è¬ª (–†–æ—Å—Å–∏—è ‚Äì 1) —Å–≤–∏–¥–µ—Ç–µ–ª—å—Å—Ç–≤–æ –æ —Ä–µ–≥–∏—Å—Ç—Ä–∞—Ü–∏–∏ –°–ú–ò  –≠–ª ‚Ññ –§–°–°77-76122 –æ—Ç 24 –∏—é–Ω—è 2019–≥, –ª–∏—Ü–µ–Ω–∑–∏–∏ –Ω–∞ –æ—Å—É—â–µ—Å—Ç–≤–ª–µ–Ω–∏–µ  –≤–µ—â–∞–Ω–∏—è‚Ññ 20457 –æ—Ç 05.04.2012 

–†–æ—Å—Å–∏–π—Å–∫–∏–π –ò–Ω—Ñ–æ—Ä–º–∞—Ü–∏–æ–Ω–Ω—ã–π –ö–∞–Ω–∞–ª ¬´–†–æ—Å—Å–∏—è - 24¬ª (–†–æ—Å—Å–∏—è - 24) —Å–≤–∏–¥–µ—Ç–µ–ª—å—Å—Ç–≤–æ –æ —Ä–µ–≥–∏—Å—Ç—Ä–∞—Ü–∏–∏ –°–ú–ò –≠–ª ‚Ññ –≠–ª ‚Ññ –§–°–°77-48108 –æ—Ç 30 –¥–µ–∫–∞–±—Ä—è 2011–≥,  –Ω–∞ –æ—Å—É—â–µ—Å—Ç–≤–ª–µ–Ω–∏–µ  –≤–µ—â–∞–Ω–∏—è –ª–∏—Ü–µ–Ω–∑–∏–∏ ‚Ññ 20454 –æ—Ç 05.04.2012–≥.  

–¢–µ–ª–µ–∫–∞–Ω–∞–ª ¬´–ö–∞–≤–∫–∞–∑ 24¬ª —Å–≤–∏–¥–µ—Ç–µ–ª—å—Å—Ç–≤–æ –æ —Ä–µ–≥–∏—Å—Ç—Ä–∞—Ü–∏–∏ –°–ú–ò –≠–ª ‚Ññ –§–°77-75601 –æ—Ç 19.04.2019, –ª–∏—Ü–µ–Ω–∑–∏–∏ —Å–µ—Ä–∏—è –Ω–∞ –æ—Å—É—â–µ—Å—Ç–≤–ª–µ–Ω–∏–µ  –≤–µ—â–∞–Ω–∏—è –¢–í ‚Ññ29832 –û–¢ 19.06.2019 –≥.

#–≥—Ç—Ä–∫—Å—Ç–∞–≤—Ä–æ–ø–æ–ª—å–µ #–≤–µ—Å—Ç–∏—Å—Ç–∞–≤—Ä–æ–ø–æ–ª—å—Å–∫–∏–π–∫—Ä–∞–π #—Å—Ç–∞–≤—Ä–æ–ø–æ–ª—å–µ #–≤–≥—Ç—Ä–∫ #–≥—Ç—Ä–∫ #–≤–µ—Å—Ç–∏ #stavropolye #stavropol #—Å—Ç–∞–≤—Ä–æ–ø–æ–ª—å #—Å–∫—Ñ–æ #—Ç–≤ #—Ä–æ—Å—Å–∏—è1 #—Ä–æ—Å—Å–∏—è24 #–Ω–æ–≤–æ—Å—Ç–∏ #news",1066,True
23501555,–¢–µ–ª–µ–∫–∞–Ω–∞–ª 360 –∏ –ú–∏—Ö–∞–∏–ª –û–Ω—É—Ñ—Ä–∏–µ–Ω–∫–æ,"–°–∞–º—ã–µ —Å–≤–µ–∂–∏–µ –Ω–æ–≤–æ—Å—Ç–∏ —Å—Ç—Ä–∞–Ω—ã –∏ –º–∏—Ä–∞ 24 —á–∞—Å–∞ –≤ —Å—É—Ç–∫–∏. –ù–∞ –Ω–∞—à–µ–º –∫–∞–Ω–∞–ª–µ –∫–∞–¥—Ä—ã —Å –º–µ—Å—Ç–∞ —Å–æ–±—ã—Ç–∏–π, –∏–Ω—Ç–µ—Ä–µ—Å–Ω—ã–µ —Ä–µ–ø–æ—Ä—Ç–∞–∂–∏, —ç–∫—Å–∫–ª—é–∑–∏–≤–Ω–æ–µ –≤–∏–¥–µ–æ. –ù–æ–≤–æ—Å—Ç–∏ –æ –∂–∏–∑–Ω–∏ –º–∏—Ä–∞ –æ—Ç –º–∞—Å—à—Ç–∞–±–Ω—ã—Ö –ø—Ä–µ–æ–±—Ä–∞–∑–æ–≤–∞–Ω–∏–π –¥–æ —Å–µ–º–µ–π–Ω—ã—Ö –∏—Å—Ç–æ—Ä–∏–π –∂–∏—Ç–µ–ª–µ–π, –ø–æ–ª–∏—Ç–∏–∫–∞, —ç–∫–æ–Ω–æ–º–∏–∫–∞, —Å–ø–æ—Ä—Ç, –ø—Ä–æ–∏—Å—à–µ—Å—Ç–≤–∏—è. 
–≠–∫—Å–∫–ª—é–∑–∏–≤–Ω—ã–µ —Ä–∞–∑–±–æ—Ä—ã –°–í–û —Å –ú–∏—Ö–∞–∏–ª–æ–º –û–Ω—É—Ñ—Ä–∏–µ–Ω–∫–æ.",146100,True
24707993,–û–ª–µ–≥ –¶–∞—Ä—ë–≤,"–ö–∞–Ω–∞–ª –ø–æ–ª–∏—Ç–∏–∫–∞ –û–ª–µ–≥–∞ –¶–∞—Ä—ë–≤–∞.  Telegram-–∫–∞–Ω–∞–ª:  https://t.me/olegtsarov. –û—Ñ–∏—Ü–∏–∞–ª—å–Ω—ã–π —Å–∞–π—Ç: http://olegtsarov.com. 
–ü—Ä–µ–¥—Å–µ–¥–∞—Ç–µ–ª—å –ø–∞—Ä–ª–∞–º–µ–Ω—Ç–∞ –ù–æ–≤–æ—Ä–æ—Å—Å–∏–∏, –ù–∞—Ä–æ–¥–Ω—ã–π –¥–µ–ø—É—Ç–∞—Ç –£–∫—Ä–∞–∏–Ω—ã VII, VI, V, IV —Å–æ–∑—ã–≤–æ–≤. –ó–∞–º–µ—Å—Ç–∏—Ç–µ–ª—å —Ä—É–∫–æ–≤–æ–¥–∏—Ç–µ–ª—è —Ñ—Ä–∞–∫—Ü–∏–∏ –ü–∞—Ä—Ç–∏–∏ —Ä–µ–≥–∏–æ–Ω–æ–≤ –≤ –í–µ—Ä—Ö–æ–≤–Ω–æ–π –†–∞–¥–µ VII —Å–æ–∑—ã–≤–∞. –°–æ–≤–µ—Ç–Ω–∏–∫ –ü—Ä–µ–º—å–µ—Ä-–º–∏–Ω–∏—Å—Ç—Ä–∞ –£–∫—Ä–∞–∏–Ω—ã.",6355,False
23833079,–í–µ—Å—Ç–∏ –Ø—Ä–æ—Å–ª–∞–≤–ª—å,"–û—Ñ–∏—Ü–∏–∞–ª—å–Ω—ã–π Rutube-–∫–∞–Ω–∞–ª –ì–¢–†–ö ¬´–Ø—Ä–æ—Å–ª–∞–≤–∏—è¬ª ‚Äî —Ç–µ–ª–µ–∫–∞–Ω–∞–ª—ã ¬´–†–æ—Å—Å–∏—è-1. –Ø—Ä–æ—Å–ª–∞–≤–ª—å¬ª –∏ ¬´–†–æ—Å—Å–∏—è-24 –Ø—Ä–æ—Å–ª–∞–≤–ª—å¬ª. –ü–æ—Å–ª–µ–¥–Ω–∏–µ –Ω–æ–≤–æ—Å—Ç–∏ –Ø—Ä–æ—Å–ª–∞–≤–ª—è –∏ –æ–±–ª–∞—Å—Ç–∏, –ø–æ–ª–∏—Ç–∏–∫–∞, —ç–∫–æ–Ω–æ–º–∏–∫–∞, –±–∏–∑–Ω–µ—Å, –∫—É–ª—å—Ç—É—Ä–∞, —Ç–µ—Ö–Ω–æ–ª–æ–≥–∏–∏, —Å–ø–æ—Ä—Ç, –∏–Ω—Ç–µ—Ä–≤—å—é, —Å–ø–µ—Ü–∏–∞–ª—å–Ω—ã–µ —Ä–µ–ø–æ—Ä—Ç–∞–∂–∏, –ø—Ä–æ–∏—Å—à–µ—Å—Ç–≤–∏—è –∏ –º–Ω–æ–≥–æ–µ –¥—Ä—É–≥–æ–µ. –°–º–æ—Ç—Ä–∏—Ç–µ –≤—ã–ø—É—Å–∫–∏ ¬´–í–µ—Å—Ç–∏-–Ø—Ä–æ—Å–ª–∞–≤–ª—å¬ª. –ü–æ–¥–ø–∏—Å—ã–≤–∞–π—Ç–µ—Å—å –Ω–∞ –∫–∞–Ω–∞–ª –∏ –±—É–¥—å—Ç–µ –≤ –∫—É—Ä—Å–µ —Å–∞–º–æ–π –∞–∫—Ç—É–∞–ª—å–Ω–æ–π –∏–Ω—Ñ–æ—Ä–º–∞—Ü–∏–∏.",55,False
23484660,–°–æ–ª–æ–≤—å—ë–≤ LIVE,"–î–æ–±—Ä–æ –ø–æ–∂–∞–ª–æ–≤–∞—Ç—å –Ω–∞ RuTube-–∫–∞–Ω–∞–ª –í–ª–∞–¥–∏–º–∏—Ä–∞ –°–æ–ª–æ–≤—å–µ–≤–∞!


–í–ª–∞–¥–∏–º–∏—Ä –°–æ–ª–æ–≤—å–µ–≤ –≤ —Å–æ—Ü–∏–∞–ª—å–Ω—ã—Ö —Å–µ—Ç—è—Ö:
Telegram: https://t.me/SolovievLive
–í–ö–æ–Ω—Ç–∞–∫—Ç–µ: https://vk.com/solovievlive

–ü—Ä–∏—Å–æ–µ–¥–∏–Ω—è–π—Ç–µ—Å—å!",382928,True
28310011,"""–ü–µ—Ä–≤—ã–π –†–æ—Å—Ç–æ–≤—Å–∫–∏–π"" —Ç–µ–ª–µ–∫–∞–Ω–∞–ª","–Ø—Ä–∫–∏–π, –Ω–æ–≤—ã–π, —Ç–≤–æ–π! –ü–µ—Ä–≤—ã–π –†–æ—Å—Ç–æ–≤—Å–∫–∏–π ‚Äì –Ω–æ–≤—ã–π –≥–æ—Ä–æ–¥—Å–∫–æ–π —Ç–µ–ª–µ–∫–∞–Ω–∞–ª. –†–∞—Å—Å–∫–∞–∑—ã–≤–∞–µ–º –æ –≥–ª–∞–≤–Ω—ã—Ö –Ω–æ–≤–æ—Å—Ç—è—Ö –∏ —Å–ª–µ–¥–∏–º –∑–∞ –∂–∏–∑–Ω—å—é –±–æ–ª—å—à–æ–≥–æ –≥–æ—Ä–æ–¥–∞.",105,False
25228338,–ù–æ–≤–æ—Å—Ç–∏ –±–æ–ª—å—à–æ–≥–æ –æ–∫—Ä—É–≥–∞: –ü—É—à–∫–∏–Ω—Å–∫–∏–π,"–¢–µ–ª–µ–≤–∏–¥–µ–Ω–∏–µ –ì–æ—Ä–æ–¥—Å–∫–æ–≥–æ –æ–∫—Ä—É–≥–∞ –ü—É—à–∫–∏–Ω—Å–∫–∏–π ‚Äî —Å–∞–º–æ–µ –≥–ª–∞–≤–Ω–æ–µ –æ –∂–∏–∑–Ω–∏ –ò–≤–∞–Ω—Ç–µ–µ–≤–∫–∏, –ü—É—à–∫–∏–Ω–æ –∏ –ö—Ä–∞—Å–Ω–æ–∞—Ä–º–µ–π—Å–∫–∞ –≤ —Å—é–∂–µ—Ç–∞—Ö –º–µ—Å—Ç–Ω–æ–≥–æ —Ç–µ–ª–µ–∫–∞–Ω–∞–ª–∞.

–ë—É–¥—å—Ç–µ –≤ –∫—É—Ä—Å–µ, –∫–∞–∫ –∂–∏–≤–µ—Ç –æ–∫—Ä—É–≥ —Å–µ–≥–æ–¥–Ω—è. –ü—Ä–æ–≥—Ä–∞–º–º–∞ ¬´–ù–æ–≤–æ—Å—Ç–∏ –±–æ–ª—å—à–æ–≥–æ –æ–∫—Ä—É–≥–∞¬ª, –ø—Ä—è–º—ã–µ —ç—Ñ–∏—Ä—ã, –∫—Ä–∞–µ–≤–µ–¥—á–µ—Å–∫–∏–µ –ø–µ—Ä–µ–¥–∞—á–∏, ¬´–ê–∫—Ç—É–∞–ª—å–Ω–æ–µ –∏–Ω—Ç–µ—Ä–≤—å—é¬ª, –¥–µ—Ç—Å–∫–∏–µ –∏ —Å–ø–æ—Ä—Ç–∏–≤–Ω—ã–µ –ø—Ä–æ–≥—Ä–∞–º–º—ã, ¬´–ü–æ—ç—Ç–∏—á–µ—Å–∫–∞—è —Å—Ç—Ä–∞–Ω–∏—Ü–∞¬ª, –ø–æ–ª–Ω—ã–µ –≤–µ—Ä—Å–∏–∏ –∫–æ–Ω—Ü–µ—Ä—Ç–æ–≤.

–£ –≤–∞—Å –µ—Å—Ç—å –∏–¥–µ—è –¥–ª—è —Å—é–∂–µ—Ç–∞? –û–±—Ä–∞—â–∞–π—Ç–µ—Å—å! –¢–µ–ª–µ—Ñ–æ–Ω —Ä–µ–¥–∞–∫—Ü–∏–∏: 8 (496) 536-00-48. –ê–¥—Ä–µ—Å: –≥. –æ. –ü—É—à–∫–∏–Ω—Å–∫–∏–π, –≥. –ò–≤–∞–Ω—Ç–µ–µ–≤–∫–∞, –¶–µ–Ω—Ç—Ä–∞–ª—å–Ω—ã–π –ø—Ä-–¥, 1. E-mail: ivanteevka-tv@yandex.ru",66,False
539776,–ê—Ä—Ö—ã–∑ 24,"¬´–ê—Ä—Ö—ã–∑ 24¬ª - –ø–µ—Ä–≤—ã–π —Ä–µ–≥–∏–æ–Ω–∞–ª—å–Ω—ã–π —Ç–µ–ª–µ–∫–∞–Ω–∞–ª –†–µ—Å–ø—É–±–ª–∏–∫–∏ –ö–∞—Ä–∞—á–∞–µ–≤–æ-–ß–µ—Ä–∫–µ—Å–∏—è.

–ï–∂–µ–¥–Ω–µ–≤–Ω–æ –∏ –∫—Ä—É–≥–ª–æ—Å—É—Ç–æ—á–Ω–æ –≤ —ç—Ñ–∏—Ä–µ —Ç–µ–ª–µ–∫–∞–Ω–∞–ª–∞ - –Ω–æ–≤–æ—Å—Ç–∏ –æ —Å–æ–±—ã—Ç–∏—è—Ö –≤ —Ä–µ–≥–∏–æ–Ω–µ, —Å—Ç—Ä–∞–Ω–µ –∏ –º–∏—Ä–µ, –ø—Ä–æ—Å–≤–µ—Ç–∏—Ç–µ–ª—å—Å–∫–∏–µ –ø—Ä–æ–≥—Ä–∞–º–º—ã –æ –Ω–∞—Ü–∏–æ–Ω–∞–ª—å–Ω–æ–π –∫—É–ª—å—Ç—É—Ä–µ –∏ –º–∏—Ä–æ–≤—ã—Ö –∫—É–ª—å—Ç—É—Ä–Ω—ã—Ö —Ü–µ–Ω–Ω–æ—Å—Ç—è—Ö.

–°–µ–≥–æ–¥–Ω—è —Ç–µ–ª–µ–∫–∞–Ω–∞–ª ¬´–ê—Ä—Ö—ã–∑ 24¬ª - —ç—Ç–æ –≥–∏–¥ –ø–æ –∫—É–ª—å—Ç—É—Ä–Ω—ã–º, —ç–∫–æ–Ω–æ–º–∏—á–µ—Å–∫–∏–º, –ø–æ–ª–∏—Ç–∏—á–µ—Å–∫–∏–º –∏ —Å–æ—Ü–∏–∞–ª—å–Ω–æ-–∑–Ω–∞—á–∏–º—ã–º —Å–æ–±—ã—Ç–∏—è–º –°–µ–≤–µ—Ä–Ω–æ–≥–æ –ö–∞–≤–∫–∞–∑–∞.

–í–∞–∂–Ω–∞—è —Å–æ—Å—Ç–∞–≤–ª—è—é—â–∞—è –∫–∞–Ω–∞–ª–∞ -- —Ç–æ, —á—Ç–æ –±—É–¥–µ—Ç –∏–Ω—Ç–µ—Ä–µ—Å–Ω–æ –∞–±—Å–æ–ª—é—Ç–Ω–æ –ª—é–±–æ–º—É —Ç–µ–ª–µ–∑—Ä–∏—Ç–µ–ª—é: —ç—Ç–æ —Ä–∞–∑–≤–ª–µ–∫–∞—Ç–µ–ª—å–Ω—ã–µ –∏ –ø–æ–∑–Ω–∞–≤–∞—Ç–µ–ª—å–Ω—ã–µ –ø—Ä–æ–≥—Ä–∞–º–º—ã, —Ö—É–¥–æ–∂–µ—Å—Ç–≤–µ–Ω–Ω—ã–µ, –Ω–∞—É—á–Ω—ã–µ –∏ –¥–æ–∫—É–º–µ–Ω—Ç–∞–ª—å–Ω—ã–µ —Ñ–∏–ª—å–º—ã, —Å–µ—Ä–∏–∞–ª—ã.",351,True
29905730,–ü–æ—è—Å–Ω–∏—Ç–µ–ª—å–Ω–∞—è –ë—Ä–∏–≥–∞–¥–∞ –≤—ã–µ—Ö–∞–ª–∞,"–†—É—Ç—É–± –∫–∞–Ω–∞–ª —Ç–æ–π —Å–∞–º–æ–π –ü–æ—è—Å–Ω–∏—Ç–µ–ª—å–Ω–æ–π –ë—Ä–∏–≥–∞–¥—ã –æ—Ç —Ç–µ–ª–µ –∏ —Ä–∞–¥–∏–æ–≤–µ–¥—É—â–µ–≥–æ –¢—Ä–æ—Ñ–∏–º–∞ –¢–∞—Ç–∞—Ä–µ–Ω–∫–æ–≤–∞ –¢–ì @NeBrigada
–¢—Ä–æ–ª–ª–∏–Ω–≥–æ–≤—ã–π –¢–ì –∫–∞–Ω–∞–ª @NeSocSeti. 
–§—É—Ç–±–æ–ª–∫–∏ izolentalive.com
–ü—Ä–µ–¥–ª–æ–∂–µ–Ω–∏—è, –æ–±—É—á–µ–Ω–∏–µ, —Ä–µ–∫–ª–∞–º–∞: –¢–ì @TimCat666",2526,True
25094452,"–†–ì–í–ö ""–î–∞–≥–µ—Å—Ç–∞–Ω""","–û—Ñ–∏—Ü–∏–∞–ª—å–Ω—ã–π –∫–∞–Ω–∞–ª —Ä–µ—Å–ø—É–±–ª–∏–∫–∞–Ω—Å–∫–æ–≥–æ –≥–æ—Å—É–¥–∞—Ä—Å—Ç–≤–µ–Ω–Ω–æ–≥–æ –≤–µ—â–∞—Ç–µ–ª—å–Ω–æ–≥–æ –∫–∞–Ω–∞–ª–∞ ""–î–∞–≥–µ—Å—Ç–∞–Ω""

–ó–¥–µ—Å—å –≤—ã –º–æ–∂–µ—Ç–µ –Ω–∞–π—Ç–∏ –Ω–∞—à–∏ —Ç–µ–º–∞—Ç–∏—á–µ—Å–∫–∏–µ –ø–µ—Ä–µ–¥–∞—á–∏ –∏ –Ω–æ–≤–æ—Å—Ç–∏. –ü–æ–¥–ø–∏—Å—ã–≤–∞–π—Ç–µ—Å—å!",479,True
23501830,–ë–µ–ª–†–æ—Å –¢–í,"–¢–µ–ª–µ–∫–∞–Ω–∞–ª #–ë–µ–ª–†–æ—Å –¢–í (–¢–†–û) -- —ç—Ç–æ –ø–µ—Ä–≤—ã–π —Å–æ—é–∑–Ω—ã–π –ø—Ä–æ–µ–∫—Ç –≤ –æ–±–ª–∞—Å—Ç–∏ —ç–ª–µ–∫—Ç—Ä–æ–Ω–Ω—ã—Ö –°–ú–ò. –û—Å–Ω–æ–≤–Ω–æ–π –∑–∞–¥–∞—á–µ–π –∫–∞–Ω–∞–ª–∞ —è–≤–ª—è–µ—Ç—Å—è –∏–Ω—Ñ–æ—Ä–º–∞—Ü–∏–æ–Ω–Ω–æ–µ —Å–æ–ø—Ä–æ–≤–æ–∂–¥–µ–Ω–∏–µ –ø—Ä–æ—Ü–µ—Å—Å–∞ —Å—Ç—Ä–æ–∏—Ç–µ–ª—å—Å—Ç–≤–∞ –°–æ—é–∑–Ω–æ–≥–æ –≥–æ—Å—É–¥–∞—Ä—Å—Ç–≤–∞, —Ä–∞—Å–ø—Ä–æ—Å—Ç—Ä–∞–Ω–µ–Ω–∏–µ –æ–±—ä–µ–∫—Ç–∏–≤–Ω–æ–π –∏–Ω—Ñ–æ—Ä–º–∞—Ü–∏–∏ –æ –ø–æ–ª–∏—Ç–∏—á–µ—Å–∫–æ–π, —ç–∫–æ–Ω–æ–º–∏—á–µ—Å–∫–æ–π –∏ —Å–æ—Ü–∏–∞–ª—å–Ω–æ-–∫—É–ª—å—Ç—É—Ä–Ω–æ–π –∂–∏–∑–Ω–∏ –°–æ—é–∑–Ω–æ–≥–æ –≥–æ—Å—É–¥–∞—Ä—Å—Ç–≤–∞. –í –æ—Å–Ω–æ–≤–µ –∫–æ–Ω—Ü–µ–ø—Ü–∏–∏ —Ç–µ–ª–µ–∫–∞–Ω–∞–ª–∞ #–ë–µ–ª–†–æ—Å –¢–í (–¢–†–û) –ª–µ–∂–∏—Ç –ø—Ä–∏–Ω—Ü–∏–ø: ¬´–¢–µ–ª–µ–≤–∏–¥–µ–Ω–∏–µ –†–∞–¥–∏ –û–±—â–µ—Å—Ç–≤–∞¬ª. –í–µ—â–∞–Ω–∏–µ –∫–∞–Ω–∞–ª–∞ —Å–æ—Å—Ç–∞–≤–ª—è—é—Ç: –∏–Ω—Ñ–æ—Ä–º–∞—Ü–∏–æ–Ω–Ω—ã–µ, –∏–Ω—Ñ–æ—Ä–º–∞—Ü–∏–æ–Ω–Ω–æ-–∞–Ω–∞–ª–∏—Ç–∏—á–µ—Å–∫–∏–µ, –ø—É–±–ª–∏—Ü–∏—Å—Ç–∏—á–µ—Å–∫–∏–µ, –∫—É–ª—å—Ç—É—Ä–Ω–æ-–ø–æ–∑–Ω–∞–≤–∞—Ç–µ–ª—å–Ω—ã–µ –ø–µ—Ä–µ–¥–∞—á–∏, –¥–æ–∫—É–º–µ–Ω—Ç–∞–ª—å–Ω—ã–µ –∏ —Ö—É–¥–æ–∂–µ—Å—Ç–≤–µ–Ω–Ω—ã–µ —Ñ–∏–ª—å–º—ã. –ù–∞ –¥–∞–Ω–Ω—ã–π –º–æ–º–µ–Ω—Ç —Å–µ—Ç—å –≤–µ—â–∞–Ω–∏—è –æ—Ö–≤–∞—Ç—ã–≤–∞–µ—Ç —Ç–µ—Ä—Ä–∏—Ç–æ—Ä–∏—é –†–æ—Å—Å–∏–∏, –†–µ—Å–ø—É–±–ª–∏–∫–∏ –ë–µ–ª–∞—Ä—É—Å—å, –∞ —Ç–∞–∫ –∂–µ –º–Ω–æ–≥–∏—Ö —Å—Ç—Ä–∞–Ω –°–ù–ì –∏ –≤–æ—Å—Ç–æ—á–Ω–æ–π –ï–≤—Ä–æ–ø—ã. –û–±—â–µ–µ —á–∏—Å–ª–æ –ø–æ—Ç–µ–Ω—Ü–∏–∞–ª—å–Ω—ã—Ö —Ç–µ–ª–µ–∑—Ä–∏—Ç–µ–ª–µ–π —Å–æ—Å—Ç–∞–≤–ª—è–µ—Ç –±–æ–ª–µ–µ 35 –º–∏–ª–ª–∏–æ–Ω–æ–≤ —á–µ–ª–æ–≤–µ–∫. –û–Ω–ª–∞–π–Ω-–≤–µ—â–∞–Ω–∏–µ —Ç–µ–ª–µ–∫–∞–Ω–∞–ª–∞ #–ë–µ–ª–†–æ—Å (–¢–†–û) –æ—Å—É—â–µ—Å—Ç–≤–ª—è–µ—Ç—Å—è –Ω–∞ —Å–∞–π—Ç–µ www.belros.tv",1466,False
30535613,Red Barn,"–°—Ç—É–¥–∏—è –ø–æ–¥–∫–∞—Å—Ç–æ–≤ Red Barn
–°–æ–∑–¥–∞–µ–º –ø–æ–¥–∫–∞—Å—Ç—ã —Å 2014 –≥–æ–¥–∞",1275,True
27879365,–í–æ–µ–Ω–Ω–∞—è –†–∞–∑–≤–µ–¥–∫–∞,"–í—Å–µ—Ö –ø—Ä–∏–≤–µ—Ç—Å—Ç–≤—É—é, –∫–∞–Ω–∞–ª —Å–æ–∑–¥–∞–Ω –∏—Å–∫–ª—é—á–∏—Ç–µ–ª—å–Ω–æ –¥–ª—è —Ç–æ–≥–æ —á—Ç–æ–±—ã –æ—Å–≤–µ—â–∞—Ç—å –æ–±—Å—Ç–∞–Ω–æ–≤–∫—É –æ —Ö–æ–¥–µ –ø—Ä–æ–≤–µ–¥–µ–Ω–∏—è —Å–ø–µ—Ü–∏–∞–ª—å–Ω–æ–π –≤–æ–µ–Ω–Ω–æ–π –æ–ø–µ—Ä–∞—Ü–∏–∏ –Ω–∞ —Ç–µ—Ä—Ä–∏—Ç–æ—Ä–∏–∏ –£–∫—Ä–∞–∏–Ω—ã!–ò –≤–æ–æ–±—â–µ —á—Ç–æ–±—ã –ø–æ–∫–∞–∑—ã–≤–∞—Ç—å —Å–∞–º—ã–µ –∏–Ω—Ç–µ—Ä–µ—Å–Ω—ã–µ –Ω–æ–≤–æ—Å—Ç–∏ —Å–æ –≤—Å–µ–≥–æ –º–∏—Ä–∞!–ß—Ç–æ–±—ã –ø–æ–¥–¥–µ—Ä–∂–∞—Ç—å –∞–≤—Ç–æ—Ä–∞ –∫–∞–Ω–∞–ª–∞,–∫–∞—Ä—Ç–∞ —Å–±–µ—Ä–±–∞–Ω–∫–∞ 2200 2003 3129 6010, –¢–∏–Ω—å–∫–æ—Ñ—Ñ 2200 7007 4783 7697, –≤—Å–µ–º —Å–ø–∞—Å–∏–±–æ –±–æ–ª—å—à–æ–µ –∑–∞ –ø–æ–º–æ—â—å ,–∫–∞–Ω–∞–ª —Å—É—â–µ—Å—Ç–≤—É–µ—Ç –∏—Å–∫–ª—é—á–∏—Ç–µ–ª—å–Ω–æ –Ω–∞ –≤–∞—à–∏ –ø–æ–∂–µ—Ä—Ç–≤–æ–≤–∞–Ω–∏—è,–±—ã—Ç—å –¥–æ–±—Ä—É!–Æ–º–æ–Ω–µ–π https://yoomoney.ru/to/4100116174601269 !!!–¢–µ–ª–µ–≥—Ä–∞–º –¥–ª—è —Å–≤—è–∑–∏ @OldShcoolGrowe!!!)))",7204,False
33560785,–°–ï–†–ñ–ê–ù–¢,–ï–∂–µ–¥–Ω–µ–≤–Ω—ã–µ –Ω–æ–≤–æ—Å—Ç–∏ –ø–æ—Ä—Ç–∞–ª–∞ –ú–∏–Ω–æ–±–æ—Ä–æ–Ω—ã –†–æ—Å—Å–∏–∏,347,False
24232558,Diplomatrutube,"–í–∏–¥–µ–æ–∫–∞–Ω–∞–ª –ú–µ–¥–∏–∞ –ü—Ä–æ–µ–∫—Ç–∞ –î–∏–ø–ª–æ–º–∞—Ç.–†—É.

–ü–æ–º–æ—á—å –ø—Ä–æ–µ–∫—Ç—É: https://www.donationalerts.com/r/pavelvag

–ê–ª—å—Ñ–∞-–±–∞–Ω–∫: 2200 1529 5129 6527

–°–≤–∏–¥–µ—Ç–µ–ª—å—Å—Ç–≤–æ –æ —Ä–µ–≥–∏—Å—Ç—Ä–∞—Ü–∏–∏ –°–ú–ò –≠–ª ‚Ññ –§–° 77-64651 –≤—ã–¥–∞–Ω–æ —Ñ–µ–¥–µ—Ä–∞–ª—å–Ω–æ–π —Å–ª—É–∂–±–æ–π –ø–æ –Ω–∞–¥–∑–æ—Ä—É –≤ —Å—Ñ–µ—Ä–µ —Å–≤—è–∑–∏, –∏–Ω—Ñ–æ—Ä–º–∞—Ü–∏–æ–Ω–Ω—ã—Ö —Ç–µ—Ö–Ω–æ–ª–æ–≥–∏–π –∏ –º–∞—Å—Å–æ–≤—ã—Ö –∫–æ–º–º—É–Ω–∏–∫–∞—Ü–∏–π (–†–æ—Å–∫–æ–º–Ω–∞–¥–∑–æ—Ä) 22.01.2016 –≥ 

–ò–ù–§–û–†–ú–ò–†–£–Ø, –û–ë–™–ï–î–ò–ù–Ø–ï–ú!",1092,False
28248510,–í–æ–π–Ω–∞ –Ω–∞ –£–∫—Ä–∞–∏–Ω–µ,"–ö–∞–Ω–∞–ª –í–æ–π–Ω–∞ –Ω–∞ –£–∫—Ä–∞–∏–Ω–µ - —ç—Ç–æ —Å–≤–æ–¥–∫–∏ –æ –±–æ—è—Ö –Ω–∞ –ª–∏–Ω–∏–∏ –±–æ–µ–≤–æ–≥–æ —Å–æ–≤—Ä–∏–∫–æ—Å–Ω–æ–≤–µ–Ω–∏—è –°–í–û. –¢–µ–∫—Å—Ç –∏ –∫–∞—Ä—Ç–∞ —Å–æ—Å—Ç–∞–≤–ª–µ–Ω—ã –¥–ª—è –ø–æ–Ω–∏–º–∞–Ω–∏—è –ø—Ä–æ—Å—Ç—ã–º–∏ –ª—é–¥—å–º–∏, –ø—Ä–æ—Å—Ç—ã–º –∏ –¥–æ—Å—Ç—É–ø–Ω—ã–º —è–∑—ã–∫–æ–º –æ–∑–Ω–∞–∫–æ–º–∏—Ç—å —Å —Å–∏—Ç—É–∞—Ü–∏–µ–π –Ω–∞ —Ñ—Ä–æ–Ω—Ç–µ.
–°—Å—ã–ª–∫–∞ –Ω–∞ –∫–∞–Ω–∞–ª –î–∑–µ–Ω –∞–≤—Ç–æ—Ä–∞:
https://dzen.ru/id/6614665f119706162bafe5d5?share_to=link

–ì–ª–∞–≤–Ω–∞—è —Ü–µ–ª—å –°–í–û - –ø—Ä–æ—Ç–∏–≤–æ—Å—Ç–æ—è—Ç—å –∞–≥—Ä–µ—Å—Å–∏–∏ –ó–∞–ø–∞–¥–∞ –≤ –æ—Ç–Ω–æ—à–µ–Ω–∏–∏ –†–æ—Å—Å–∏–π—Å–∫–æ–π –§–µ–¥–µ—Ä–∞—Ü–∏–∏. –ó–∞–ø–∞–¥ –≤—Å–µ–≥–¥–∞ –ø—Ä–∏–≤—ã–∫ –∂–∏—Ç—å –∫–æ–ª–æ–Ω–∏–∞–ª—å–Ω–æ–π –ø–æ–ª–∏—Ç–∏–∫–æ–π –∏ –Ω–µ —Å–∫—Ä—ã–≤–∞–µ—Ç —Å–≤–æ–∏ –∞–≥—Ä–µ—Å—Å–∏–≤–Ω—ã–µ –ø–ª–∞–Ω—ã. 

–ö—Ç–æ —Ö–æ—á–µ—Ç –ø–æ–º–æ—á—å –∫–∞–Ω–∞–ª—É, —Ç–æ—Ç –ª–µ–≥–∫–æ —Å–º–æ–∂–µ—Ç —ç—Ç–æ —Å–¥–µ–ª–∞—Ç—å: –ö–∞—Ä—Ç–∞ –°–±–µ—Ä–±–∞–Ω–∫–∞ –ú–∏—Ä: 2202 2063 7415 0261
(–Ø–Ω–∞ –í—è—á–µ—Å–ª–∞–≤–æ–≤–Ω–∞ –†.)
–ø–æ—Å–ª–µ–¥–Ω–∏–µ –Ω–æ–≤–æ—Å—Ç–∏
—É–∫—Ä–∞–∏–Ω–∞ –Ω–æ–≤–æ—Å—Ç–∏ —Ä–æ—Å—Å–∏—è –≤–æ–π–Ω–∞ –≤—Å—É –Ω–æ–≤–æ—Å—Ç–∏ —É–∫—Ä–∞–∏–Ω—ã
–≤–æ–π–Ω–∞ –≤ —É–∫—Ä–∞–∏–Ω–µ –Ω–æ–≤–æ—Å—Ç–∏ —Å–µ–≥–æ–¥–Ω—è —Å–∏—Ç—É–∞—Ü–∏—è –Ω–∞ —Ñ—Ä–æ–Ω—Ç–µ –∫–∏–µ–≤ –∞—Ä–º–∏—è —Ä–æ—Å—Å–∏–∏
—Å–ø–µ—Ü–æ–ø–µ—Ä–∞—Ü–∏—è —Ä–∞–∫–µ—Ç–Ω–∞—è –∞—Ç–∞–∫–∞ –∞—Ç–∞–∫–∞ –¥—Ä–æ–Ω–æ–≤
—É–∫—Ä–∞–∏–Ω–∞ —Ä–æ—Å—Å–∏—è –≤–æ–π–Ω–∞
—É–∫—Ä–∞–∏–Ω–∞ —Å–µ–≥–æ–¥–Ω—è –Ω–∞—Ç–æ
—Å–≤–æ–¥–∫–∞ –≥–µ–Ω—à—Ç–∞–±–∞ –≤—Å—É —Ä–æ—Å—Å–∏–π—Å–∫–∞—è –∞—Ä–º–∏—è
—É–∫—Ä–∞–∏–Ω–∞ —Å–µ–≥–æ–¥–Ω—è –≤–æ–π–Ω–∞
–∫–æ–Ω—Ç—Ä–Ω–∞—Å—Ç—É–ø–ª–µ–Ω–∏–µ –º–æ–±–∏–ª–∏–∑–∞—Ü–∏—è —Ñ—Ä–æ–Ω—Ç
—É–∫—Ä–∞–∏–Ω–∞ —Å–µ–≥–æ–¥–Ω—è –Ω–æ–≤–æ—Å—Ç–∏
–º–∏–Ω–æ–±–æ—Ä–æ–Ω—ã –≤–ª–∞–¥–∏–º–∏—Ä –ø—É—Ç–∏–Ω —Å–æ–ª–¥–∞—Ç—ã –∞—Ä–º–∏—è —Ä—Ñ
–≤–æ–π–Ω–∞ —Ä–æ—Å—Å–∏—è —É–∫—Ä–∞–∏–Ω–∞
–≤–æ–µ–Ω–Ω–∞—è –ø–æ–º–æ—â—å —É–∫—Ä–∞–∏–Ω–µ",2633,False
23485784,RT Arabic,"ŸÇŸÜÿßÿ© ""RT Arabic"" ÿßŸÑŸÅÿ∂ÿßÿ¶Ÿäÿ© ŸáŸäÿ¶ÿ© ÿ•ÿÆÿ®ÿßÿ±Ÿäÿ© ÿ•ÿπŸÑÿßŸÖŸäÿ© ŸÜÿßÿ∑ŸÇÿ© ÿ®ÿßŸÑŸÑÿ∫ÿ© ÿßŸÑÿπÿ±ÿ®Ÿäÿ© ÿ™ÿßÿ®ÿπÿ© ÿßŸÑŸâ ŸÖÿ§ÿ≥ÿ≥ÿ© ""ÿ™Ÿä ŸÅŸä -- ŸÜŸàŸÅŸàÿ≥ÿ™Ÿä"" ÿßŸÑŸÖÿ≥ÿ™ŸÇŸÑÿ© ÿ∫Ÿäÿ± ÿßŸÑÿ™ÿ¨ÿßÿ±Ÿäÿ©. ÿ®ÿØÿ£ÿ™ ÿßŸÑŸÇŸÜÿßÿ© ÿßŸÑÿ®ÿ´ ŸÅŸä 4 ŸÖÿßŸäŸà/ÿ£Ÿäÿßÿ± ÿπÿßŸÖ 2007. Ÿäÿ™ÿ∂ŸÖŸÜ ÿ®ÿ±ŸÜÿßŸÖÿ¨ ÿ®ÿ´ ÿßŸÑŸÇŸÜÿßÿ© ÿ£ÿÆÿ®ÿßÿ±ÿß ÿ≥Ÿäÿßÿ≥Ÿäÿ© ŸàÿßŸÇÿ™ÿµÿßÿØŸäÿ© Ÿàÿ´ŸÇÿßŸÅŸäÿ© Ÿàÿ±Ÿäÿßÿ∂Ÿäÿ© Ÿàÿ¨ŸàŸÑÿßÿ™ ŸÅŸä ÿßŸÑÿµÿ≠ÿßŸÅÿ© Ÿàÿ®ÿ±ÿßŸÖÿ¨ ÿØŸàÿ±Ÿäÿ© Ÿàÿ£ŸÅŸÑÿßŸÖÿß Ÿàÿ´ÿßÿ¶ŸÇŸäÿ© Ÿàÿ™ÿ≠ŸÇŸäŸÇÿßÿ™ ŸÖÿµŸàÿ±ÿ©. ÿ™ÿ®ÿ´ ÿßŸÑŸÇŸÜÿßÿ© 24 ÿ≥ÿßÿπÿ© ŸäŸàŸÖŸäÿß ÿÆŸÑÿßŸÑ ÿ≥ÿ®ÿπÿ© ÿ£ŸäÿßŸÖ ŸÅŸä ÿßŸÑÿ£ÿ≥ÿ®Ÿàÿπ. ŸàŸäÿ™ŸÖ ÿ®ÿ´ ÿ®ÿ±ÿßŸÖÿ¨ ÿßŸÑŸÇŸÜÿßÿ© ŸÖŸÜ ŸÖŸàÿ≥ŸÉŸà ÿ®Ÿàÿßÿ≥ÿ∑ÿ© ÿπÿØÿØ ŸÖŸÜ ÿßŸÑÿ£ŸÇŸÖÿßÿ± ÿßŸÑÿµŸÜÿßÿπŸäÿ© ŸàŸáŸä BADR 4 HotBird-6 ÿåNilesat 103",1540,True
31789891,as,,163,False
23788980,–ü–µ—Ä–≤—ã–π –†–µ—Å–ø—É–±–ª–∏–∫–∞–Ω—Å–∫–∏–π –ö–∞–Ω–∞–ª,"–ü–µ—Ä–≤—ã–π –†–µ—Å–ø—É–±–ª–∏–∫–∞–Ω—Å–∫–∏–π –ö–∞–Ω–∞–ª –î–ù–†

–ö–û–ù–¢–ê–ö–¢–´

? –≥. –î–æ–Ω–µ—Ü–∫, —É–ª. –ö—É–π–±—ã—à–µ–≤–∞, 61.

? –¢–µ–ª: (071) 302-54-17, (099) 460-48-54 (—Ä–µ–∫–ª–∞–º–∞)

‚úâ trk@republic-tv.ru, respubliktv.reklama@yandex.ru (—Ä–µ–∫–ª–∞–º–∞)

–í–∏–¥–µ–æ–º–∞—Ç–µ—Ä–∏–∞–ª—ã –æ—Ç —Ç–µ–ª–µ–∑—Ä–∏—Ç–µ–ª–µ–π: dnr.tv@yandex.ru,",2060,False
23460655,–ü–µ—Ä–≤—ã–π –∫–∞–Ω–∞–ª,,71309,True
25280064,–°–ò–õ–ê –í –ü–†–ê–í–î–ï Z–ûV ‚òë,"‚ùó‚ö°Ô∏è–í–°–ï –ü–û–°–õ–ï–î–ù–ò–ï –ù–û–í–û–°–¢–ò –û –•–û–î–ï –°–ü–ï–¶–û–ü–ï–†–ê–¶–ò–ò –í–° –†–§ –ù–ê –£–ö–†–ê–ò–ù–ï –ò –≠–ö–°–¢–†–ï–ù–ù–´–ï –ù–û–í–û–°–¢–ò –≤ –†–û–°–°–ò–ò –∏ –ú–ò–†–ï.‚ö°Ô∏è‚ùó                                                                                                                                                                                                                                                                                                                                                                                                                 
‚ùó –õ—é–±–∞—è –ü–æ–º–æ—â—å –ö–∞–Ω–∞–ª—É –ë—É–¥–µ—Ç –ö—Å—Ç–∞—Ç–∏!  –ö–∞—Ä—Ç–∞ –ú–∏—Ä:  üí§ ‚úî 2202 2062 9560 7951 ‚úîüí§                           –ÆMoney: https://yoomoney.ru/to/4100111538398975                                          
   –ì—Ä—É–ø–ø–∞ –≤ –í–ö: https://vk.com/silavpravdezv5",13369,False
25828431,–ù–æ–≤–æ—Ä–æ—Å—Å–∏–π—Å–∫–æ–µ —Ç–µ–ª–µ–≤–∏–¥–µ–Ω–∏–µ,"–¢–µ–ª–µ–∫–∞–Ω–∞–ª ¬´–ù–æ–≤–æ—Ä–æ—Å—Å–∏–π—Å–∫–æ–µ —Ç–µ–ª–µ–≤–∏–¥–µ–Ω–∏–µ¬ª - –≥–ª–∞–≤–Ω—ã–π –∫–∞–Ω–∞–ª –æ –∂–∏–∑–Ω–∏ –≤ –ù–æ–≤–æ—Ä–æ—Å—Å–∏–π—Å–∫–µ.
–û—Ñ–∏—Ü–∏–∞–ª—å–Ω–∞—è –∏–Ω—Ñ–æ—Ä–º–∞—Ü–∏—è –∏ –∫–∞–¥—Ä—ã —Å –º–µ—Å—Ç–∞ —Å–æ–±—ã—Ç–∏–π —Å –∫–æ–º–º–µ–Ω—Ç–∞—Ä–∏—è–º–∏ –≥–ª–∞–≤–Ω—ã—Ö –ª–∏—Ü –≥–æ—Ä–æ–¥–∞.
–¢–µ–ª–µ–∫–∞–Ω–∞–ª ¬´–ù–¢¬ª - –¥–ª—è –≤–ª—é–±–ª–µ–Ω–Ω—ã—Ö –≤ –ù–æ–≤–æ—Ä–æ—Å—Å–∏–π—Å–∫!

–ü–æ–¥–ø–∏—Å—ã–≤–∞–π—Å—è –Ω–∞ –Ω–æ–≤–æ—Å—Ç–∏ –Ω–∞—à–µ–≥–æ –∫–∞–Ω–∞–ª–∞:
–í–ö - vk.com/nvrsk_tv
Telegram - t.me/nvrsk_tv
–°–µ—Ç–µ–≤–æ–µ –∏–∑–¥–∞–Ω–∏–µ ¬´–û—Ñ–∏—Ü–∏–∞–ª—å–Ω—ã–π –ù–æ–≤–æ—Ä–æ—Å—Å–∏–π—Å–∫¬ª - ofnvrsk.ru",314,True
1501809,"""–°—Ç–æ–ª–∫–Ω–æ–≤–µ–Ω–∏–µ —Ü–∏–≤–∏–ª–∏–∑–∞—Ü–∏–π. –í–µ—Ä—Å–∏—è –õ—å–≤–æ–≤–∏—á–∞""","–î–æ–±—Ä–æ –ø–æ–∂–∞–ª–æ–≤–∞—Ç—å –Ω–∞ RuTube-–∫–∞–Ω–∞–ª ""–°—Ç–æ–ª–∫–Ω–æ–≤–µ–Ω–∏–µ —Ü–∏–≤–∏–ª–∏–∑–∞—Ü–∏–π. –í–µ—Ä—Å–∏—è –õ—å–≤–æ–≤–∏—á–∞"".

–°—Ç–æ–ª–∫–Ω–æ–≤–µ–Ω–∏–µ —Ü–∏–≤–∏–ª–∏–∑–∞—Ü–∏–π –Ω–∞ –∞–ª—å—Ç–µ—Ä–Ω–∞—Ç–∏–≤–Ω—ã—Ö —Ä–µ—Å—É—Ä—Å–∞—Ö:
–Æ—Ç—É–± - https://www.youtube.com/channel/UCVbxZFHP3JxdHisD72Geg8Q 
–í–ö–æ–Ω—Ç–∞–∫—Ç–µ: https://vk.com/public211592908
–Ø–Ω–¥–µ–∫—Å - –î–∑–µ–Ω - https://zen.yandex.ru/profile/editor/id/5f658b69dd62db2defdd8d3b/publications

–ü—Ä–∏—Å–æ–µ–¥–∏–Ω—è–π—Ç–µ—Å—å!",2054,False
23490401,–õ–µ–Ω–¢–í24,"–¢–µ–ª–µ–∫, –∫–æ—Ç–æ—Ä—ã–π –∑–∞–ø—É—Å—Ç–∏–ª RUTUBE. –õ–µ–Ω–¢–í24: –∫–æ—Ä–Ω–∏ –≤ –õ–µ–Ω–æ–±–ª–∞—Å—Ç–∏, –≤–µ—Ç–≤–∏ - –≤ —Ç—Ä–µ–Ω–¥–∞—Ö. –ù–µ—Å–∫—É—á–Ω–∞—è –∂—É—Ä–Ω–∞–ª–∏—Å—Ç–∏–∫–∞.

–ü–∏—à–∏—Ç–µ –Ω–∞–º: youtube@lentv24.ru",6168,True
24410007,VPRAVDA.RU / –í–æ–ª–≥–æ–≥—Ä–∞–¥—Å–∫–∞—è –ø—Ä–∞–≤–¥–∞,"–ù–æ–≤–æ—Å—Ç–∏ –í–æ–ª–≥–æ–≥—Ä–∞–¥–∞ –∏ –í–æ–ª–≥–æ–≥—Ä–∞–¥—Å–∫–æ–π –æ–±–ª–∞—Å—Ç–∏
–û—Ñ–∏—Ü–∏–∞–ª—å–Ω—ã–π –∫–∞–Ω–∞–ª –°–ú–ò VPRAVDA.RU
–í—Å—Ç—É–ø–∞–π—Ç–µ –≤ –Ω–∞—à–∏ –≥—Ä—É–ø–ø—ã –≤ —Å–æ—Ü–∏–∞–ª—å–Ω—ã—Ö —Å–µ—Ç—è—Ö: vk.com/v_pravda, https://ok.ru/vpravda
–ù–∞—à –∫–∞–Ω–∞–ª –≤ ""–¢–µ–ª–µ–≥—Ä–∞–º"": https://t.me/vpravdaru
–ö–∞–Ω–∞–ª –≤ –Ø–Ω–¥–µ–∫—Å –î–∑–µ–Ω :  https://zen.yandex.ru/id/6065b3762ef33c659363bd19",214,True
23838853,–ì–¢–†–ö –°–∞–Ω–∫—Ç-–ü–µ—Ç–µ—Ä–±—É—Ä–≥,"–ì–æ—Å—É–¥–∞—Ä—Å—Ç–≤–µ–Ω–Ω–∞—è –¢–µ–ª–µ–≤–∏–∑–∏–æ–Ω–Ω–∞—è –∏ –†–∞–¥–∏–æ–≤–µ—â–∞—Ç–µ–ª—å–Ω–∞—è –ö–æ–º–ø–∞–Ω–∏—è ""–°–∞–Ω–∫—Ç-–ü–µ—Ç–µ—Ä–±—É—Ä–≥""
""–†–æ—Å—Å–∏—è - –°–∞–Ω–∫—Ç-–ü–µ—Ç–µ—Ä–±—É—Ä–≥""  - —ç—Ç–æ –ø–æ—Å–ª–µ–¥–Ω–∏–µ –Ω–æ–≤–æ—Å—Ç–∏, –ø—Ä–æ–∏—Å—à–µ—Å—Ç–≤–∏—è, —Å–ø–æ—Ä—Ç, –ø–æ–ª–∏—Ç–∏–∫–∞, –Ω–æ–≤–æ—Å—Ç–∏ –∫—É–ª—å—Ç—É—Ä—ã, —Ç–µ–º–∞—Ç–∏—á–µ—Å–∫–∏–µ –ø—Ä–æ–≥—Ä–∞–º–º—ã –∏ –º–Ω–æ–≥–æ–µ –¥—Ä—É–≥–æ–µ.
–ü–æ–¥–ø–∏—Å—ã–≤–∞–π—Ç–µ—Å—å –Ω–∞ –∫–∞–Ω–∞–ª –∏ –±—É–¥—å—Ç–µ –≤ –∫—É—Ä—Å–µ –ø–æ—Å–ª–µ–¥–Ω–∏—Ö —Å–æ–±—ã—Ç–∏–π –∏–∑ –∂–∏–∑–Ω–∏ –Ω–∞—à–µ–≥–æ –∑–∞–º–µ—á–∞—Ç–µ–ª—å–Ω–æ–≥–æ –≥–æ—Ä–æ–¥–∞!

–ü—Ä–∏ –∏—Å–ø–æ–ª—å–∑–æ–≤–∞–Ω–∏–∏ –≤–∏–¥–µ–æ–º–∞—Ç–µ—Ä–∏–∞–ª–æ–≤ –Ω–µ–æ–±—Ö–æ–¥–∏–º–æ —É–∫–∞–∑—ã–≤–∞—Ç—å —Å—Å—ã–ª–∫—É  https://www.rtr.spb.ru. –ó–∞–ø—Ä–µ—â–µ–Ω–æ —Å–∫–∞—á–∏–≤–∞—Ç—å –≤–∏–¥–µ–æ –∏ –≤—Å—Ç—Ä–∞–∏–≤–∞—Ç—å –≤ —Å—Ç–æ—Ä–æ–Ω–Ω–∏–µ –ø–ª–µ–µ—Ä—ã –±–µ–∑ —Å–æ–≥–ª–∞—Å–∏—è –ø—Ä–∞–≤–æ–æ–±–ª–∞–¥–∞—Ç–µ–ª—è.



‚û°Ô∏è–í–ï–°–¢–ò –°–ê–ù–ö–¢-–ü–ï–¢–ï–†–ë–£–†–ì - https://vk.com/vesti_spb
‚û°Ô∏è–ì–¢–†–ö –°–ê–ù–ö–¢-–ü–ï–¢–ï–†–ë–£–†–ì –í –î–ó–ï–ù–ï (https://dzen.ru/gtrkspb)
‚û°Ô∏è–í–ï–°–¢–ò –°–ê–ù–ö–¢-–ü–ï–¢–ï–†–ë–£–†–ì - https://ok.ru/vestispb
‚û°Ô∏è–ü–ï–¢–ï–†–ë–£–†–ì–°–ö–ò–ï –í–ï–°–¢–ò - https://t.me/gtrkSpb",520,False
34575515,–¢–µ–ª–µ–∫–∞–Ω–∞–ª 360,,8,False
